2003/2/23,3001,11
2003/2/27,3002,12
2003/3/2,3003,16
2003/3/6,3004,3
2003/3/9,3005,16
2003/3/13,3006,6
2003/3/16,3007,7
2003/3/20,3008,8
2003/3/23,3009,9
2003/3/27,3010,13
2003/3/30,3011,15
2003/4/3,3012,12
2003/4/6,3013,12
2003/4/10,3014,2
2003/4/13,3015,13
2003/4/17,3016,6
2003/4/20,3017,6
2003/4/24,3018,2
2003/4/27,3019,9
2003/5/1,3020,4
2003/5/4,3021,1
2003/5/8,3022,6
2003/5/11,3023,2
2003/5/15,3024,14
2003/5/18,3025,12
2003/5/22,3026,16
2003/5/25,3027,15
2003/5/29,3028,7
2003/6/1,3029,10
2003/6/5,3030,7
2003/6/8,3031,1
2003/6/12,3032,13
2003/6/15,3033,10
2003/6/19,3034,14
2003/6/22,3035,8
2003/6/26,3036,15
2003/6/29,3037,7
2003/7/3,3038,16
2003/7/6,3039,3
2003/7/10,3040,16
2003/7/13,3041,11
2003/7/17,3042,7
2003/7/20,3043,13
2003/7/24,3044,15
2003/7/27,3045,3
2003/7/31,3046,11
2003/8/3,3047,16
2003/8/7,3048,9
2003/8/10,3049,15
2003/8/14,3050,13
2003/8/17,3051,1
2003/8/21,3052,11
2003/8/24,3053,13
2003/8/28,3054,12
2003/8/31,3055,16
2003/9/4,3056,7
2003/9/7,3057,16
2003/9/11,3058,2
2003/9/14,3059,4
2003/9/18,3060,11
2003/9/21,3061,2
2003/9/25,3062,14
2003/9/28,3063,11
2003/10/2,3064,1
2003/10/5,3065,11
2003/10/9,3066,14
2003/10/12,3067,10
2003/10/16,3068,11
2003/10/19,3069,11
2003/10/23,3070,8
2003/10/26,3071,11
2003/10/30,3072,11
2003/11/2,3073,13
2003/11/6,3074,1
2003/11/9,3075,11
2003/11/13,3076,2
2003/11/16,3077,6
2003/11/20,3078,11
2003/11/23,3079,4
2003/11/27,3080,10
2003/11/30,3081,7
2003/12/4,3082,14
2003/12/7,3083,1
2003/12/11,3084,3
2003/12/14,3085,14
2003/12/18,3086,13
2003/12/21,3087,13
2003/12/25,3088,12
2003/12/28,3089,16
2004/1/1,4001,7
2004/1/4,4002,11
2004/1/8,4003,8
2004/1/11,4004,9
2004/1/15,4005,7
2004/1/18,4006,6
2004/1/29,4007,9
2004/2/1,4008,13
2004/2/5,4009,11
2004/2/8,4010,15
2004/2/12,4011,3
2004/2/15,4012,8
2004/2/19,4013,13
2004/2/22,4014,12
2004/2/26,4015,13
2004/2/29,4016,5
2004/3/4,4017,9
2004/3/7,4018,6
2004/3/11,4019,4
2004/3/14,4020,4
2004/3/18,4021,10
2004/3/21,4022,6
2004/3/25,4023,3
2004/3/28,4024,6
2004/4/1,4025,4
2004/4/4,4026,15
2004/4/8,4027,11
2004/4/11,4028,12
2004/4/15,4029,5
2004/4/18,4030,5
2004/4/22,4031,11
2004/4/25,4032,13
2004/4/29,4033,1
2004/5/2,4034,14
2004/5/6,4035,16
2004/5/9,4036,1
2004/5/13,4037,5
2004/5/16,4038,7
2004/5/20,4039,3
2004/5/23,4040,11
2004/5/27,4041,14
2004/5/30,4042,2
2004/6/3,4043,10
2004/6/6,4044,5
2004/6/10,4045,13
2004/6/13,4046,14
2004/6/17,4047,6
2004/6/20,4048,9
2004/6/24,4049,9
2004/6/27,4050,2
2004/7/1,4051,11
2004/7/4,4052,9
2004/7/8,4053,2
2004/7/11,4054,11
2004/7/15,4055,7
2004/7/18,4056,2
2004/7/22,4057,4
2004/7/25,4058,12
2004/7/29,4059,10
2004/8/1,4060,15
2004/8/5,4061,9
2004/8/8,4062,13
2004/8/12,4063,7
2004/8/15,4064,4
2004/8/19,4065,8
2004/8/22,4066,3
2004/8/24,4067,4
2004/8/26,4068,15
2004/8/29,4069,5
2004/8/31,4070,6
2004/9/2,4071,6
2004/9/5,4072,14
2004/9/7,4073,16
2004/9/9,4074,13
2004/9/12,4075,7
2004/9/14,4076,7
2004/9/16,4077,7
2004/9/19,4078,5
2004/9/21,4079,3
2004/9/23,4080,16
2004/9/26,4081,6
2004/9/28,4082,15
2004/9/30,4083,6
2004/10/3,4084,14
2004/10/5,4085,1
2004/10/7,4086,1
2004/10/10,4087,14
2004/10/12,4088,14
2004/10/14,4089,14
2004/10/17,4090,12
2004/10/19,4091,1
2004/10/21,4092,2
2004/10/24,4093,5
2004/10/26,4094,8
2004/10/28,4095,1
2004/10/31,4096,15
2004/11/2,4097,14
2004/11/4,4098,3
2004/11/7,4099,2
2004/11/9,4100,15
2004/11/11,4101,15
2004/11/14,4102,1
2004/11/16,4103,2
2004/11/18,4104,5
2004/11/21,4105,12
2004/11/23,4106,12
2004/11/25,4107,7
2004/11/28,4108,12
2004/11/30,4109,14
2004/12/2,4110,11
2004/12/5,4111,2
2004/12/7,4112,6
2004/12/9,4113,7
2004/12/12,4114,1
2004/12/14,4115,1
2004/12/16,4116,3
2004/12/19,4117,7
2004/12/21,4118,15
2004/12/23,4119,6
2004/12/26,4120,10
2004/12/28,4121,10
2004/12/30,4122,15
2005/1/2,5001,14
2005/1/4,5002,14
2005/1/6,5003,16
2005/1/9,5004,3
2005/1/11,5005,15
2005/1/13,5006,16
2005/1/16,5007,15
2005/1/18,5008,11
2005/1/20,5009,14
2005/1/23,5010,1
2005/1/25,5011,15
2005/1/27,5012,5
2005/1/30,5013,6
2005/2/1,5014,5
2005/2/3,5015,15
2005/2/6,5016,15
2005/2/8,5017,3
2005/2/17,5018,6
2005/2/20,5019,8
2005/2/22,5020,5
2005/2/24,5021,16
2005/2/27,5022,4
2005/3/1,5023,12
2005/3/3,5024,13
2005/3/6,5025,7
2005/3/8,5026,7
2005/3/10,5027,15
2005/3/13,5028,10
2005/3/15,5029,14
2005/3/17,5030,5
2005/3/20,5031,7
2005/3/22,5032,3
2005/3/24,5033,7
2005/3/27,5034,9
2005/3/29,5035,14
2005/3/31,5036,15
2005/4/3,5037,16
2005/4/5,5038,16
2005/4/7,5039,9
2005/4/10,5040,13
2005/4/12,5041,3
2005/4/14,5042,15
2005/4/17,5043,5
2005/4/19,5044,9
2005/4/21,5045,10
2005/4/24,5046,5
2005/4/26,5047,15
2005/4/28,5048,2
2005/5/1,5049,12
2005/5/3,5050,13
2005/5/5,5051,2
2005/5/8,5052,1
2005/5/10,5053,9
2005/5/12,5054,14
2005/5/15,5055,9
2005/5/17,5056,9
2005/5/19,5057,13
2005/5/22,5058,10
2005/5/24,5059,7
2005/5/26,5060,13
2005/5/29,5061,1
2005/5/31,5062,7
2005/6/2,5063,4
2005/6/5,5064,8
2005/6/7,5065,16
2005/6/9,5066,5
2005/6/12,5067,16
2005/6/14,5068,13
2005/6/16,5069,12
2005/6/19,5070,4
2005/6/21,5071,10
2005/6/23,5072,11
2005/6/26,5073,1
2005/6/28,5074,9
2005/6/30,5075,14
2005/7/3,5076,13
2005/7/5,5077,16
2005/7/7,5078,11
2005/7/10,5079,5
2005/7/12,5080,16
2005/7/14,5081,3
2005/7/17,5082,12
2005/7/19,5083,13
2005/7/21,5084,3
2005/7/24,5085,12
2005/7/26,5086,12
2005/7/28,5087,8
2005/7/31,5088,7
2005/8/2,5089,12
2005/8/4,5090,3
2005/8/7,5091,13
2005/8/9,5092,10
2005/8/11,5093,14
2005/8/14,5094,3
2005/8/16,5095,5
2005/8/18,5096,4
2005/8/21,5097,15
2005/8/23,5098,1
2005/8/25,5099,9
2005/8/28,5100,3
2005/8/30,5101,12
2005/9/1,5102,12
2005/9/4,5103,7
2005/9/6,5104,9
2005/9/8,5105,3
2005/9/11,5106,13
2005/9/13,5107,11
2005/9/15,5108,6
2005/9/18,5109,4
2005/9/20,5110,9
2005/9/22,5111,9
2005/9/25,5112,16
2005/9/27,5113,3
2005/9/29,5114,6
2005/10/2,5115,2
2005/10/4,5116,10
2005/10/6,5117,3
2005/10/9,5118,16
2005/10/11,5119,2
2005/10/13,5120,14
2005/10/16,5121,12
2005/10/18,5122,9
2005/10/20,5123,7
2005/10/23,5124,11
2005/10/25,5125,3
2005/10/27,5126,9
2005/10/30,5127,12
2005/11/1,5128,15
2005/11/3,5129,3
2005/11/6,5130,16
2005/11/8,5131,3
2005/11/10,5132,15
2005/11/13,5133,11
2005/11/15,5134,1
2005/11/17,5135,11
2005/11/20,5136,13
2005/11/22,5137,12
2005/11/24,5138,13
2005/11/27,5139,10
2005/11/29,5140,7
2005/12/1,5141,15
2005/12/4,5142,5
2005/12/6,5143,8
2005/12/8,5144,9
2005/12/11,5145,15
2005/12/13,5146,2
2005/12/15,5147,10
2005/12/18,5148,13
2005/12/20,5149,7
2005/12/22,5150,2
2005/12/25,5151,5
2005/12/27,5152,3
2005/12/29,5153,1
2006/1/1,6001,3
2006/1/3,6002,9
2006/1/5,6003,12
2006/1/8,6004,7
2006/1/10,6005,11
2006/1/12,6006,14
2006/1/15,6007,7
2006/1/17,6008,16
2006/1/19,6009,6
2006/1/22,6010,8
2006/1/24,6011,11
2006/1/26,6012,10
2006/2/5,6013,11
2006/2/7,6014,7
2006/2/9,6015,3
2006/2/12,6016,16
2006/2/14,6017,2
2006/2/16,6018,5
2006/2/19,6019,7
2006/2/21,6020,6
2006/2/23,6021,9
2006/2/26,6022,13
2006/2/28,6023,8
2006/3/2,6024,6
2006/3/5,6025,5
2006/3/7,6026,3
2006/3/9,6027,15
2006/3/12,6028,4
2006/3/14,6029,8
2006/3/16,6030,14
2006/3/19,6031,14
2006/3/21,6032,9
2006/3/23,6033,6
2006/3/26,6034,13
2006/3/28,6035,13
2006/3/30,6036,9
2006/4/2,6037,14
2006/4/4,6038,10
2006/4/6,6039,3
2006/4/9,6040,3
2006/4/11,6041,4
2006/4/13,6042,11
2006/4/16,6043,3
2006/4/18,6044,5
2006/4/20,6045,4
2006/4/23,6046,8
2006/4/25,6047,3
2006/4/27,6048,12
2006/4/30,6049,3
2006/5/2,6050,7
2006/5/4,6051,16
2006/5/7,6052,3
2006/5/9,6053,2
2006/5/11,6054,4
2006/5/14,6055,11
2006/5/16,6056,8
2006/5/18,6057,8
2006/5/21,6058,14
2006/5/23,6059,11
2006/5/25,6060,14
2006/5/28,6061,11
2006/5/30,6062,1
2006/6/1,6063,8
2006/6/4,6064,11
2006/6/6,6065,13
2006/6/8,6066,5
2006/6/11,6067,13
2006/6/13,6068,10
2006/6/15,6069,8
2006/6/18,6070,2
2006/6/20,6071,1
2006/6/22,6072,8
2006/6/25,6073,12
2006/6/27,6074,4
2006/6/29,6075,11
2006/7/2,6076,14
2006/7/4,6077,9
2006/7/6,6078,12
2006/7/9,6079,8
2006/7/11,6080,9
2006/7/13,6081,4
2006/7/16,6082,9
2006/7/18,6083,10
2006/7/20,6084,12
2006/7/23,6085,8
2006/7/25,6086,6
2006/7/27,6087,5
2006/7/30,6088,1
2006/8/1,6089,1
2006/8/3,6090,11
2006/8/6,6091,7
2006/8/8,6092,14
2006/8/10,6093,5
2006/8/13,6094,13
2006/8/15,6095,16
2006/8/17,6096,14
2006/8/20,6097,12
2006/8/22,6098,16
2006/8/24,6099,5
2006/8/27,6100,3
2006/8/29,6101,16
2006/8/31,6102,11
2006/9/3,6103,6
2006/9/5,6104,11
2006/9/7,6105,1
2006/9/10,6106,10
2006/9/12,6107,7
2006/9/14,6108,9
2006/9/17,6109,13
2006/9/19,6110,13
2006/9/21,6111,15
2006/9/24,6112,11
2006/9/26,6113,2
2006/9/28,6114,16
2006/10/1,6115,15
2006/10/3,6116,9
2006/10/5,6117,9
2006/10/8,6118,5
2006/10/10,6119,2
2006/10/12,6120,9
2006/10/15,6121,6
2006/10/17,6122,3
2006/10/19,6123,6
2006/10/22,6124,13
2006/10/24,6125,6
2006/10/26,6126,9
2006/10/29,6127,1
2006/10/31,6128,5
2006/11/2,6129,12
2006/11/5,6130,2
2006/11/7,6131,1
2006/11/9,6132,1
2006/11/12,6133,3
2006/11/14,6134,12
2006/11/16,6135,4
2006/11/19,6136,5
2006/11/21,6137,9
2006/11/23,6138,8
2006/11/26,6139,5
2006/11/28,6140,5
2006/11/30,6141,11
2006/12/3,6142,16
2006/12/5,6143,8
2006/12/7,6144,6
2006/12/10,6145,7
2006/12/12,6146,5
2006/12/14,6147,1
2006/12/17,6148,1
2006/12/19,6149,15
2006/12/21,6150,12
2006/12/24,6151,8
2006/12/26,6152,15
2006/12/28,6153,10
2006/12/31,6154,13
2007/1/2,7001,14
2007/1/4,7002,1
2007/1/7,7003,15
2007/1/9,7004,10
2007/1/11,7005,12
2007/1/14,7006,11
2007/1/16,7007,14
2007/1/18,7008,10
2007/1/21,7009,15
2007/1/23,7010,5
2007/1/25,7011,16
2007/1/28,7012,4
2007/1/30,7013,5
2007/2/1,7014,9
2007/2/4,7015,15
2007/2/6,7016,5
2007/2/8,7017,14
2007/2/11,7018,11
2007/2/13,7019,14
2007/2/15,7020,14
2007/2/25,7021,13
2007/2/27,7022,10
2007/3/1,7023,2
2007/3/4,7024,6
2007/3/6,7025,3
2007/3/8,7026,10
2007/3/11,7027,11
2007/3/13,7028,11
2007/3/15,7029,10
2007/3/18,7030,4
2007/3/20,7031,1
2007/3/22,7032,16
2007/3/25,7033,9
2007/3/27,7034,16
2007/3/29,7035,6
2007/4/1,7036,10
2007/4/3,7037,16
2007/4/5,7038,5
2007/4/8,7039,1
2007/4/10,7040,10
2007/4/12,7041,12
2007/4/15,7042,8
2007/4/17,7043,5
2007/4/19,7044,8
2007/4/22,7045,10
2007/4/24,7046,14
2007/4/26,7047,6
2007/4/29,7048,12
2007/5/1,7049,2
2007/5/3,7050,2
2007/5/6,7051,13
2007/5/8,7052,7
2007/5/10,7053,11
2007/5/13,7054,5
2007/5/15,7055,2
2007/5/17,7056,12
2007/5/20,7057,9
2007/5/22,7058,7
2007/5/24,7059,14
2007/5/27,7060,5
2007/5/29,7061,5
2007/5/31,7062,9
2007/6/3,7063,12
2007/6/5,7064,16
2007/6/7,7065,7
2007/6/10,7066,8
2007/6/12,7067,11
2007/6/14,7068,1
2007/6/17,7069,12
2007/6/19,7070,12
2007/6/21,7071,9
2007/6/24,7072,16
2007/6/26,7073,2
2007/6/28,7074,3
2007/7/1,7075,3
2007/7/3,7076,2
2007/7/5,7077,2
2007/7/8,7078,1
2007/7/10,7079,14
2007/7/12,7080,4
2007/7/15,7081,13
2007/7/17,7082,15
2007/7/19,7083,5
2007/7/22,7084,10
2007/7/24,7085,12
2007/7/26,7086,16
2007/7/29,7087,9
2007/7/31,7088,6
2007/8/2,7089,3
2007/8/5,7090,2
2007/8/7,7091,7
2007/8/9,7092,9
2007/8/12,7093,2
2007/8/14,7094,2
2007/8/16,7095,7
2007/8/19,7096,8
2007/8/21,7097,11
2007/8/23,7098,12
2007/8/26,7099,5
2007/8/28,7100,6
2007/8/30,7101,14
2007/9/2,7102,11
2007/9/4,7103,1
2007/9/6,7104,4
2007/9/9,7105,14
2007/9/11,7106,8
2007/9/13,7107,10
2007/9/16,7108,2
2007/9/18,7109,4
2007/9/20,7110,3
2007/9/23,7111,11
2007/9/25,7112,11
2007/9/27,7113,10
2007/9/30,7114,5
2007/10/2,7115,2
2007/10/4,7116,13
2007/10/7,7117,1
2007/10/9,7118,15
2007/10/11,7119,12
2007/10/14,7120,1
2007/10/16,7121,6
2007/10/18,7122,9
2007/10/21,7123,2
2007/10/23,7124,16
2007/10/25,7125,1
2007/10/28,7126,9
2007/10/30,7127,11
2007/11/1,7128,5
2007/11/4,7129,8
2007/11/6,7130,4
2007/11/8,7131,5
2007/11/11,7132,5
2007/11/13,7133,10
2007/11/15,7134,15
2007/11/18,7135,16
2007/11/20,7136,14
2007/11/22,7137,3
2007/11/25,7138,16
2007/11/27,7139,6
2007/11/29,7140,11
2007/12/2,7141,8
2007/12/4,7142,8
2007/12/6,7143,4
2007/12/9,7144,16
2007/12/11,7145,11
2007/12/13,7146,9
2007/12/16,7147,4
2007/12/18,7148,7
2007/12/20,7149,3
2007/12/23,7150,5
2007/12/25,7151,2
2007/12/27,7152,8
2007/12/30,7153,15
2008/1/1,8001,3
2008/1/3,8002,9
2008/1/6,8003,12
2008/1/8,8004,8
2008/1/10,8005,15
2008/1/13,8006,14
2008/1/15,8007,11
2008/1/17,8008,7
2008/1/20,8009,16
2008/1/22,8010,9
2008/1/24,8011,3
2008/1/27,8012,13
2008/1/29,8013,10
2008/1/31,8014,14
2008/2/3,8015,3
2008/2/5,8016,13
2008/2/14,8017,2
2008/2/17,8018,13
2008/2/19,8019,5
2008/2/21,8020,3
2008/2/24,8021,15
2008/2/26,8022,5
2008/2/28,8023,2
2008/3/2,8024,13
2008/3/4,8025,14
2008/3/6,8026,3
2008/3/9,8027,13
2008/3/11,8028,10
2008/3/13,8029,12
2008/3/16,8030,11
2008/3/18,8031,13
2008/3/20,8032,13
2008/3/23,8033,4
2008/3/25,8034,9
2008/3/27,8035,16
2008/3/30,8036,16
2008/4/1,8037,6
2008/4/3,8038,13
2008/4/6,8039,1
2008/4/8,8040,9
2008/4/10,8041,4
2008/4/13,8042,1
2008/4/15,8043,14
2008/4/17,8044,9
2008/4/20,8045,4
2008/4/22,8046,15
2008/4/24,8047,10
2008/4/27,8048,1
2008/4/29,8049,4
2008/5/1,8050,3
2008/5/4,8051,11
2008/5/6,8052,10
2008/5/8,8053,4
2008/5/11,8054,7
2008/5/13,8055,4
2008/5/15,8056,7
2008/5/18,8057,8
2008/5/20,8058,11
2008/5/22,8059,16
2008/5/25,8060,3
2008/5/27,8061,6
2008/5/29,8062,15
2008/6/1,8063,15
2008/6/3,8064,12
2008/6/5,8065,5
2008/6/8,8066,8
2008/6/10,8067,13
2008/6/12,8068,7
2008/6/15,8069,10
2008/6/17,8070,13
2008/6/19,8071,9
2008/6/22,8072,9
2008/6/24,8073,8
2008/6/26,8074,9
2008/6/29,8075,3
2008/7/1,8076,11
2008/7/3,8077,9
2008/7/6,8078,1
2008/7/8,8079,9
2008/7/10,8080,14
2008/7/13,8081,4
2008/7/15,8082,9
2008/7/17,8083,9
2008/7/20,8084,16
2008/7/22,8085,15
2008/7/24,8086,12
2008/7/27,8087,6
2008/7/29,8088,5
2008/7/31,8089,11
2008/8/3,8090,1
2008/8/5,8091,10
2008/8/7,8092,5
2008/8/10,8093,7
2008/8/12,8094,14
2008/8/14,8095,3
2008/8/17,8096,14
2008/8/19,8097,13
2008/8/21,8098,1
2008/8/24,8099,7
2008/8/26,8100,14
2008/8/28,8101,4
2008/8/31,8102,5
2008/9/2,8103,4
2008/9/4,8104,1
2008/9/7,8105,2
2008/9/9,8106,15
2008/9/11,8107,4
2008/9/14,8108,12
2008/9/16,8109,10
2008/9/18,8110,2
2008/9/21,8111,6
2008/9/23,8112,6
2008/9/25,8113,9
2008/9/28,8114,14
2008/9/30,8115,6
2008/10/2,8116,14
2008/10/5,8117,7
2008/10/7,8118,1
2008/10/9,8119,7
2008/10/12,8120,2
2008/10/14,8121,6
2008/10/16,8122,15
2008/10/19,8123,2
2008/10/21,8124,3
2008/10/23,8125,9
2008/10/26,8126,13
2008/10/28,8127,13
2008/10/30,8128,5
2008/11/2,8129,15
2008/11/4,8130,6
2008/11/6,8131,8
2008/11/9,8132,8
2008/11/11,8133,11
2008/11/13,8134,2
2008/11/16,8135,15
2008/11/18,8136,2
2008/11/20,8137,9
2008/11/23,8138,4
2008/11/25,8139,7
2008/11/27,8140,14
2008/11/30,8141,15
2008/12/2,8142,15
2008/12/4,8143,6
2008/12/7,8144,15
2008/12/9,8145,2
2008/12/11,8146,10
2008/12/14,8147,2
2008/12/16,8148,9
2008/12/18,8149,2
2008/12/21,8150,2
2008/12/23,8151,6
2008/12/25,8152,8
2008/12/28,8153,16
2008/12/30,8154,8
2009/1/1,9001,4
2009/1/4,9002,14
2009/1/6,9003,2
2009/1/8,9004,3
2009/1/11,9005,13
2009/1/13,9006,2
2009/1/15,9007,15
2009/1/18,9008,2
2009/1/20,9009,2
2009/1/22,9010,2
2009/2/1,9011,15
2009/2/3,9012,1
2009/2/5,9013,9
2009/2/8,9014,2
2009/2/10,9015,5
2009/2/12,9016,3
2009/2/15,9017,8
2009/2/17,9018,15
2009/2/19,9019,4
2009/2/22,9020,13
2009/2/24,9021,9
2009/2/26,9022,8
2009/3/1,9023,8
2009/3/3,9024,12
2009/3/5,9025,11
2009/3/8,9026,16
2009/3/10,9027,6
2009/3/12,9028,10
2009/3/15,9029,13
2009/3/17,9030,7
2009/3/19,9031,1
2009/3/22,9032,6
2009/3/24,9033,6
2009/3/26,9034,7
2009/3/29,9035,5
2009/3/31,9036,7
2009/4/2,9037,3
2009/4/5,9038,5
2009/4/7,9039,3
2009/4/9,9040,12
2009/4/12,9041,8
2009/4/14,9042,11
2009/4/16,9043,7
2009/4/19,9044,1
2009/4/21,9045,1
2009/4/23,9046,9
2009/4/26,9047,16
2009/4/28,9048,1
2009/4/30,9049,6
2009/5/3,9050,4
2009/5/5,9051,7
2009/5/7,9052,8
2009/5/10,9053,4
2009/5/12,9054,11
2009/5/14,9055,11
2009/5/17,9056,8
2009/5/19,9057,11
2009/5/21,9058,9
2009/5/24,9059,11
2009/5/26,9060,4
2009/5/28,9061,3
2009/5/31,9062,10
2009/6/2,9063,16
2009/6/4,9064,15
2009/6/7,9065,2
2009/6/9,9066,4
2009/6/11,9067,5
2009/6/14,9068,5
2009/6/16,9069,2
2009/6/18,9070,10
2009/6/21,9071,6
2009/6/23,9072,4
2009/6/25,9073,14
2009/6/28,9074,13
2009/6/30,9075,5
2009/7/2,9076,6
2009/7/5,9077,16
2009/7/7,9078,13
2009/7/9,9079,13
2009/7/12,9080,6
2009/7/14,9081,3
2009/7/16,9082,2
2009/7/19,9083,4
2009/7/21,9084,13
2009/7/23,9085,3
2009/7/26,9086,11
2009/7/28,9087,6
2009/7/30,9088,2
2009/8/2,9089,4
2009/8/4,9090,14
2009/8/6,9091,4
2009/8/9,9092,8
2009/8/11,9093,1
2009/8/13,9094,14
2009/8/16,9095,15
2009/8/18,9096,3
2009/8/20,9097,14
2009/8/23,9098,2
2009/8/25,9099,9
2009/8/27,9100,11
2009/8/30,9101,14
2009/9/1,9102,10
2009/9/3,9103,9
2009/9/6,9104,16
2009/9/8,9105,15
2009/9/10,9106,4
2009/9/13,9107,5
2009/9/15,9108,2
2009/9/17,9109,1
2009/9/20,9110,14
2009/9/22,9111,15
2009/9/24,9112,9
2009/9/27,9113,16
2009/9/29,9114,11
2009/10/1,9115,3
2009/10/4,9116,14
2009/10/6,9117,13
2009/10/8,9118,5
2009/10/11,9119,5
2009/10/13,9120,16
2009/10/15,9121,9
2009/10/18,9122,1
2009/10/20,9123,14
2009/10/22,9124,10
2009/10/25,9125,12
2009/10/27,9126,15
2009/10/29,9127,4
2009/11/1,9128,1
2009/11/3,9129,7
2009/11/5,9130,11
2009/11/8,9131,5
2009/11/10,9132,7
2009/11/12,9133,1
2009/11/15,9134,6
2009/11/17,9135,16
2009/11/19,9136,1
2009/11/22,9137,1
2009/11/24,9138,14
2009/11/26,9139,2
2009/11/29,9140,12
2009/12/1,9141,9
2009/12/3,9142,13
2009/12/6,9143,10
2009/12/8,9144,12
2009/12/10,9145,11
2009/12/13,9146,15
2009/12/15,9147,16
2009/12/17,9148,10
2009/12/20,9149,4
2009/12/22,9150,4
2009/12/24,9151,14
2009/12/27,9152,5
2009/12/29,9153,10
2009/12/31,9154,16
2010/1/3,10001,13
2010/1/5,10002,13
2010/1/7,10003,4
2010/1/10,10004,7
2010/1/12,10005,14
2010/1/14,10006,5
2010/1/17,10007,14
2010/1/19,10008,14
2010/1/21,10009,6
2010/1/24,10010,8
2010/1/26,10011,7
2010/1/28,10012,10
2010/1/31,10013,12
2010/2/2,10014,2
2010/2/4,10015,6
2010/2/7,10016,16
2010/2/9,10017,11
2010/2/11,10018,2
2010/2/21,10019,6
2010/2/23,10020,9
2010/2/25,10021,4
2010/2/28,10022,2
2010/3/2,10023,11
2010/3/4,10024,14
2010/3/7,10025,11
2010/3/9,10026,12
2010/3/11,10027,13
2010/3/14,10028,12
2010/3/16,10029,3
2010/3/18,10030,5
2010/3/21,10031,4
2010/3/23,10032,8
2010/3/25,10033,9
2010/3/28,10034,12
2010/3/30,10035,10
2010/4/1,10036,8
2010/4/4,10037,6
2010/4/6,10038,1
2010/4/8,10039,12
2010/4/11,10040,11
2010/4/13,10041,12
2010/4/15,10042,10
2010/4/18,10043,4
2010/4/20,10044,5
2010/4/22,10045,1
2010/4/25,10046,5
2010/4/27,10047,15
2010/4/29,10048,2
2010/5/2,10049,2
2010/5/4,10050,11
2010/5/6,10051,3
2010/5/9,10052,10
2010/5/11,10053,14
2010/5/13,10054,6
2010/5/16,10055,8
2010/5/18,10056,7
2010/5/20,10057,5
2010/5/23,10058,12
2010/5/25,10059,10
2010/5/27,10060,9
2010/5/30,10061,12
2010/6/1,10062,3
2010/6/3,10063,3
2010/6/6,10064,11
2010/6/8,10065,12
2010/6/10,10066,7
2010/6/13,10067,1
2010/6/15,10068,13
2010/6/17,10069,11
2010/6/20,10070,7
2010/6/22,10071,1
2010/6/24,10072,1
2010/6/27,10073,2
2010/6/29,10074,15
2010/7/1,10075,14
2010/7/4,10076,15
2010/7/6,10077,9
2010/7/8,10078,12
2010/7/11,10079,2
2010/7/13,10080,16
2010/7/15,10081,5
2010/7/18,10082,2
2010/7/20,10083,12
2010/7/22,10084,3
2010/7/25,10085,8
2010/7/27,10086,8
2010/7/29,10087,10
2010/8/1,10088,12
2010/8/3,10089,1
2010/8/5,10090,14
2010/8/8,10091,16
2010/8/10,10092,2
2010/8/12,10093,6
2010/8/15,10094,10
2010/8/17,10095,14
2010/8/19,10096,3
2010/8/22,10097,1
2010/8/24,10098,7
2010/8/26,10099,6
2010/8/29,10100,8
2010/8/31,10101,6
2010/9/2,10102,10
2010/9/5,10103,9
2010/9/7,10104,2
2010/9/9,10105,11
2010/9/12,10106,16
2010/9/14,10107,16
2010/9/16,10108,7
2010/9/19,10109,15
2010/9/21,10110,1
2010/9/23,10111,10
2010/9/26,10112,16
2010/9/28,10113,10
2010/9/30,10114,1
2010/10/3,10115,15
2010/10/5,10116,7
2010/10/7,10117,1
2010/10/10,10118,5
2010/10/12,10119,9
2010/10/14,10120,16
2010/10/17,10121,15
2010/10/19,10122,6
2010/10/21,10123,10
2010/10/24,10124,2
2010/10/26,10125,9
2010/10/28,10126,5
2010/10/31,10127,1
2010/11/2,10128,12
2010/11/4,10129,16
2010/11/7,10130,16
2010/11/9,10131,6
2010/11/11,10132,15
2010/11/14,10133,1
2010/11/16,10134,6
2010/11/18,10135,10
2010/11/21,10136,10
2010/11/23,10137,6
2010/11/25,10138,5
2010/11/28,10139,9
2010/11/30,10140,15
2010/12/2,10141,6
2010/12/5,10142,10
2010/12/7,10143,14
2010/12/9,10144,11
2010/12/12,10145,8
2010/12/14,10146,1
2010/12/16,10147,3
2010/12/19,10148,12
2010/12/21,10149,9
2010/12/23,10150,6
2010/12/26,10151,14
2010/12/28,10152,1
2010/12/30,10153,13
2011/1/2,11001,10
2011/1/4,11002,5
2011/1/6,11003,4
2011/1/9,11004,5
2011/1/11,11005,13
2011/1/13,11006,5
2011/1/16,11007,5
2011/1/18,11008,15
2011/1/20,11009,4
2011/1/23,11010,13
2011/1/25,11011,10
2011/1/27,11012,13
2011/1/30,11013,8
2011/2/1,11014,16
2011/2/10,11015,7
2011/2/13,11016,13
2011/2/15,11017,8
2011/2/17,11018,1
2011/2/20,11019,16
2011/2/22,11020,5
2011/2/24,11021,8
2011/2/27,11022,5
2011/3/1,11023,5
2011/3/3,11024,14
2011/3/6,11025,9
2011/3/8,11026,12
2011/3/10,11027,1
2011/3/13,11028,1
2011/3/15,11029,7
2011/3/17,11030,10
2011/3/20,11031,12
2011/3/22,11032,15
2011/3/24,11033,4
2011/3/27,11034,8
2011/3/29,11035,2
2011/3/31,11036,5
2011/4/3,11037,11
2011/4/5,11038,12
2011/4/7,11039,13
2011/4/10,11040,13
2011/4/12,11041,13
2011/4/14,11042,15
2011/4/17,11043,4
2011/4/19,11044,9
2011/4/21,11045,8
2011/4/24,11046,8
2011/4/26,11047,14
2011/4/28,11048,15
2011/5/1,11049,14
2011/5/3,11050,15
2011/5/5,11051,14
2011/5/8,11052,8
2011/5/10,11053,15
2011/5/12,11054,8
2011/5/15,11055,16
2011/5/17,11056,10
2011/5/19,11057,2
2011/5/22,11058,6
2011/5/24,11059,16
2011/5/26,11060,1
2011/5/29,11061,3
2011/5/31,11062,3
2011/6/2,11063,5
2011/6/5,11064,2
2011/6/7,11065,3
2011/6/9,11066,12
2011/6/12,11067,12
2011/6/14,11068,10
2011/6/16,11069,12
2011/6/19,11070,12
2011/6/21,11071,2
2011/6/23,11072,12
2011/6/26,11073,14
2011/6/28,11074,1
2011/6/30,11075,13
2011/7/3,11076,13
2011/7/5,11077,10
2011/7/7,11078,9
2011/7/10,11079,5
2011/7/12,11080,9
2011/7/14,11081,12
2011/7/17,11082,4
2011/7/19,11083,6
2011/7/21,11084,15
2011/7/24,11085,10
2011/7/26,11086,9
2011/7/28,11087,1
2011/7/31,11088,4
2011/8/2,11089,12
2011/8/4,11090,16
2011/8/7,11091,3
2011/8/9,11092,4
2011/8/11,11093,9
2011/8/14,11094,5
2011/8/16,11095,5
2011/8/18,11096,15
2011/8/21,11097,16
2011/8/23,11098,5
2011/8/25,11099,14
2011/8/28,11100,5
2011/8/30,11101,6
2011/9/1,11102,11
2011/9/4,11103,12
2011/9/6,11104,9
2011/9/8,11105,1
2011/9/11,11106,14
2011/9/13,11107,15
2011/9/15,11108,10
2011/9/18,11109,15
2011/9/20,11110,12
2011/9/22,11111,4
2011/9/25,11112,15
2011/9/27,11113,5
2011/9/29,11114,9
2011/10/2,11115,16
2011/10/4,11116,5
2011/10/6,11117,4
2011/10/9,11118,10
2011/10/11,11119,1
2011/10/13,11120,7
2011/10/16,11121,2
2011/10/18,11122,3
2011/10/20,11123,16
2011/10/23,11124,16
2011/10/25,11125,8
2011/10/27,11126,16
2011/10/30,11127,11
2011/11/1,11128,12
2011/11/3,11129,6
2011/11/6,11130,15
2011/11/8,11131,1
2011/11/10,11132,7
2011/11/13,11133,16
2011/11/15,11134,10
2011/11/17,11135,12
2011/11/20,11136,7
2011/11/22,11137,13
2011/11/24,11138,7
2011/11/27,11139,3
2011/11/29,11140,6
2011/12/1,11141,11
2011/12/4,11142,2
2011/12/6,11143,16
2011/12/8,11144,3
2011/12/11,11145,4
2011/12/13,11146,10
2011/12/15,11147,10
2011/12/18,11148,14
2011/12/20,11149,16
2011/12/22,11150,13
2011/12/25,11151,10
2011/12/27,11152,13
2011/12/29,11153,13
2012/1/1,12001,6
2012/1/3,12002,13
2012/1/5,12003,9
2012/1/8,12004,16
2012/1/10,12005,6
2012/1/12,12006,8
2012/1/15,12007,4
2012/1/17,12008,8
2012/1/19,12009,11
2012/1/29,12010,10
2012/1/31,12011,5
2012/2/2,12012,1
2012/2/5,12013,13
2012/2/7,12014,12
2012/2/9,12015,15
2012/2/12,12016,8
2012/2/14,12017,10
2012/2/16,12018,15
2012/2/19,12019,16
2012/2/21,12020,11
2012/2/23,12021,3
2012/2/26,12022,4
2012/2/28,12023,2
2012/3/1,12024,13
2012/3/4,12025,6
2012/3/6,12026,16
2012/3/8,12027,12
2012/3/11,12028,11
2012/3/13,12029,3
2012/3/15,12030,8
2012/3/18,12031,3
2012/3/20,12032,4
2012/3/22,12033,4
2012/3/25,12034,16
2012/3/27,12035,5
2012/3/29,12036,9
2012/4/1,12037,9
2012/4/3,12038,16
2012/4/5,12039,8
2012/4/8,12040,10
2012/4/10,12041,2
2012/4/12,12042,16
2012/4/15,12043,3
2012/4/17,12044,3
2012/4/19,12045,9
2012/4/22,12046,6
2012/4/24,12047,11
2012/4/26,12048,10
2012/4/29,12049,2
2012/5/1,12050,11
2012/5/3,12051,9
2012/5/6,12052,4
2012/5/8,12053,4
2012/5/10,12054,14
2012/5/13,12055,1
2012/5/15,12056,10
2012/5/17,12057,4
2012/5/20,12058,4
2012/5/22,12059,1
2012/5/24,12060,1
2012/5/27,12061,14
2012/5/29,12062,7
2012/5/31,12063,12
2012/6/3,12064,11
2012/6/5,12065,14
2012/6/7,12066,12
2012/6/10,12067,16
2012/6/12,12068,10
2012/6/14,12069,6
2012/6/17,12070,11
2012/6/19,12071,8
2012/6/21,12072,6
2012/6/24,12073,5
2012/6/26,12074,8
2012/6/28,12075,11
2012/7/1,12076,15
2012/7/3,12077,12
2012/7/5,12078,12
2012/7/8,12079,12
2012/7/10,12080,3
2012/7/12,12081,6
2012/7/15,12082,6
2012/7/17,12083,4
2012/7/19,12084,14
2012/7/22,12085,5
2012/7/24,12086,8
2012/7/26,12087,9
2012/7/29,12088,15
2012/7/31,12089,11
2012/8/2,12090,11
2012/8/5,12091,16
2012/8/7,12092,3
2012/8/9,12093,13
2012/8/12,12094,15
2012/8/14,12095,2
2012/8/16,12096,7
2012/8/19,12097,6
2012/8/21,12098,9
2012/8/23,12099,16
2012/8/26,12100,10
2012/8/28,12101,2
2012/8/30,12102,15
2012/9/2,12103,2
2012/9/4,12104,3
2012/9/6,12105,4
2012/9/9,12106,16
2012/9/11,12107,9
2012/9/13,12108,13
2012/9/16,12109,3
2012/9/18,12110,9
2012/9/20,12111,13
2012/9/23,12112,6
2012/9/25,12113,6
2012/9/27,12114,15
2012/9/30,12115,14
2012/10/2,12116,3
2012/10/4,12117,9
2012/10/7,12118,11
2012/10/9,12119,13
2012/10/11,12120,16
2012/10/14,12121,11
2012/10/16,12122,11
2012/10/18,12123,9
2012/10/21,12124,11
2012/10/23,12125,1
2012/10/25,12126,7
2012/10/28,12127,8
2012/10/30,12128,5
2012/11/1,12129,1
2012/11/4,12130,3
2012/11/6,12131,12
2012/11/8,12132,10
2012/11/11,12133,2
2012/11/13,12134,15
2012/11/15,12135,16
2012/11/18,12136,11
2012/11/20,12137,7
2012/11/22,12138,14
2012/11/25,12139,15
2012/11/27,12140,15
2012/11/29,12141,9
2012/12/2,12142,6
2012/12/4,12143,6
2012/12/6,12144,4
2012/12/9,12145,3
2012/12/11,12146,13
2012/12/13,12147,9
2012/12/16,12148,7
2012/12/18,12149,13
2012/12/20,12150,7
2012/12/23,12151,1
2012/12/25,12152,7
2012/12/27,12153,10
2012/12/30,12154,4
2013/1/1,13001,6
2013/1/3,13002,12
2013/1/6,13003,9
2013/1/8,13004,8
2013/1/10,13005,12
2013/1/13,13006,13
2013/1/15,13007,1
2013/1/17,13008,15
2013/1/20,13009,2
2013/1/22,13010,12
2013/1/24,13011,9
2013/1/27,13012,2
2013/1/29,13013,9
2013/1/31,13014,8
2013/2/3,13015,15
2013/2/5,13016,5
2013/2/7,13017,9
2013/2/17,13018,5
2013/2/19,13019,6
2013/2/21,13020,1
2013/2/24,13021,11
2013/2/26,13022,7
2013/2/28,13023,5
2013/3/3,13024,9
2013/3/5,13025,8
2013/3/7,13026,11
2013/3/10,13027,12
2013/3/12,13028,13
2013/3/14,13029,12
2013/3/17,13030,6
2013/3/19,13031,3
2013/3/21,13032,3
2013/3/24,13033,1
2013/3/26,13034,9
2013/3/28,13035,2
2013/3/31,13036,13
2013/4/2,13037,14
2013/4/4,13038,11
2013/4/7,13039,6
2013/4/9,13040,10
2013/4/11,13041,5
2013/4/14,13042,3
2013/4/16,13043,16
2013/4/18,13044,6
2013/4/21,13045,12
2013/4/23,13046,6
2013/4/25,13047,12
2013/4/28,13048,4
2013/4/30,13049,14
2013/5/2,13050,3
2013/5/5,13051,2
2013/5/7,13052,13
2013/5/9,13053,14
2013/5/12,13054,14
2013/5/14,13055,6
2013/5/16,13056,16
2013/5/19,13057,5
2013/5/21,13058,5
2013/5/23,13059,9
2013/5/26,13060,15
2013/5/28,13061,12
2013/5/30,13062,2
2013/6/2,13063,12
2013/6/4,13064,12
2013/6/6,13065,2
2013/6/9,13066,7
2013/6/11,13067,6
2013/6/13,13068,6
2013/6/16,13069,6
2013/6/18,13070,6
2013/6/20,13071,9
2013/6/23,13072,9
2013/6/25,13073,11
2013/6/27,13074,3
2013/6/30,13075,14
2013/7/2,13076,3
2013/7/4,13077,3
2013/7/7,13078,15
2013/7/9,13079,13
2013/7/11,13080,16
2013/7/14,13081,13
2013/7/16,13082,6
2013/7/18,13083,9
2013/7/21,13084,3
2013/7/23,13085,16
2013/7/25,13086,11
2013/7/28,13087,5
2013/7/30,13088,14
2013/8/1,13089,13
2013/8/4,13090,8
2013/8/6,13091,10
2013/8/8,13092,6
2013/8/11,13093,14
2013/8/13,13094,7
2013/8/15,13095,10
2013/8/18,13096,15
2013/8/20,13097,7
2013/8/22,13098,14
2013/8/25,13099,3
2013/8/27,13100,11
2013/8/29,13101,1
2013/9/1,13102,3
2013/9/3,13103,7
2013/9/5,13104,11
2013/9/8,13105,9
2013/9/10,13106,6
2013/9/12,13107,11
2013/9/15,13108,5
2013/9/17,13109,8
2013/9/19,13110,13
2013/9/22,13111,13
2013/9/24,13112,7
2013/9/26,13113,9
2013/9/29,13114,7
2013/10/1,13115,8
2013/10/3,13116,7
2013/10/6,13117,16
2013/10/8,13118,16
2013/10/10,13119,9
2013/10/13,13120,11
2013/10/15,13121,7
2013/10/17,13122,11
2013/10/20,13123,2
2013/10/22,13124,7
2013/10/24,13125,16
2013/10/27,13126,16
2013/10/29,13127,14
2013/10/31,13128,8
2013/11/3,13129,14
2013/11/5,13130,8
2013/11/7,13131,9
2013/11/10,13132,12
2013/11/12,13133,1
2013/11/14,13134,10
2013/11/17,13135,12
2013/11/19,13136,6
2013/11/21,13137,10
2013/11/24,13138,3
2013/11/26,13139,8
2013/11/28,13140,10
2013/12/1,13141,4
2013/12/3,13142,14
2013/12/5,13143,11
2013/12/8,13144,2
2013/12/10,13145,15
2013/12/12,13146,1
2013/12/15,13147,8
2013/12/17,13148,1
2013/12/19,13149,11
2013/12/22,13150,10
2013/12/24,13151,9
2013/12/26,13152,5
2013/12/29,13153,10
2013/12/31,13154,5
2014/1/2,14001,1
2014/1/5,14002,4
2014/1/7,14003,12
2014/1/9,14004,15
2014/1/12,14005,4
2014/1/14,14006,14
2014/1/16,14007,14
2014/1/19,14008,12
2014/1/21,14009,16
2014/1/23,14010,11
2014/1/26,14011,2
2014/1/28,14012,8
2014/2/9,14013,13
2014/2/11,14014,15
2014/2/13,14015,9
2014/2/16,14016,8
2014/2/18,14017,10
2014/2/20,14018,15
2014/2/23,14019,7
2014/2/25,14020,15
2014/2/27,14021,12
2014/3/2,14022,16
2014/3/4,14023,10
2014/3/6,14024,9
2014/3/9,14025,16
2014/3/11,14026,14
2014/3/13,14027,1
2014/3/16,14028,5
2014/3/18,14029,14
2014/3/20,14030,10
2014/3/23,14031,14
2014/3/25,14032,7
2014/3/27,14033,12
2014/3/30,14034,6
2014/4/1,14035,6
2014/4/3,14036,3
2014/4/6,14037,7
2014/4/8,14038,16
2014/4/10,14039,7
2014/4/13,14040,8
2014/4/15,14041,2
2014/4/17,14042,14
2014/4/20,14043,9
2014/4/22,14044,12
2014/4/24,14045,15
2014/4/27,14046,10
2014/4/29,14047,15
2014/5/1,14048,16
2014/5/4,14049,6
2014/5/6,14050,13
2014/5/8,14051,13
2014/5/11,14052,8
2014/5/13,14053,2
2014/5/15,14054,14
2014/5/18,14055,4
2014/5/20,14056,1
2014/5/22,14057,8
2014/5/25,14058,11
2014/5/27,14059,13
2014/5/29,14060,6
2014/6/1,14061,8
2014/6/3,14062,9
2014/6/5,14063,16
2014/6/8,14064,14
2014/6/10,14065,6
2014/6/12,14066,16
2014/6/15,14067,6
2014/6/17,14068,16
2014/6/19,14069,11
2014/6/22,14070,7
2014/6/24,14071,14
2014/6/26,14072,16
2014/6/29,14073,2
2014/7/1,14074,12
2014/7/3,14075,6
2014/7/6,14076,11
2014/7/8,14077,10
2014/7/10,14078,7
2014/7/13,14079,2
2014/7/15,14080,7
2014/7/17,14081,10
2014/7/20,14082,11
2014/7/22,14083,12
2014/7/24,14084,8
2014/7/27,14085,8
2014/7/29,14086,8
2014/7/31,14087,6
2014/8/3,14088,15
2014/8/5,14089,9
2014/8/7,14090,13
2014/8/10,14091,14
2014/8/12,14092,7
2014/8/14,14093,5
2014/8/17,14094,1
2014/8/19,14095,8
2014/8/21,14096,8
2014/8/24,14097,15
2014/8/26,14098,7
2014/8/28,14099,14
2014/8/31,14100,11
2014/9/2,14101,7
2014/9/4,14102,13
2014/9/7,14103,4
2014/9/9,14104,13
2014/9/11,14105,4
2014/9/14,14106,15
2014/9/16,14107,16
2014/9/18,14108,2
2014/9/21,14109,2
2014/9/23,14110,6
2014/9/25,14111,2
2014/9/28,14112,3
2014/9/30,14113,7
2014/10/2,14114,10
2014/10/5,14115,3
2014/10/7,14116,16
2014/10/9,14117,4
2014/10/12,14118,3
2014/10/14,14119,9
2014/10/16,14120,4
2014/10/19,14121,9
2014/10/21,14122,11
2014/10/23,14123,5
2014/10/26,14124,4
2014/10/28,14125,6
2014/10/30,14126,1
2014/11/2,14127,12
2014/11/4,14128,14
2014/11/6,14129,2
2014/11/9,14130,10
2014/11/11,14131,14
2014/11/13,14132,8
2014/11/16,14133,13
2014/11/18,14134,2
2014/11/20,14135,1
2014/11/23,14136,10
2014/11/25,14137,9
2014/11/27,14138,13
2014/11/30,14139,11
2014/12/2,14140,6
2014/12/4,14141,10
2014/12/7,14142,13
2014/12/9,14143,16
2014/12/11,14144,14
2014/12/14,14145,11
2014/12/16,14146,1
2014/12/18,14147,10
2014/12/21,14148,13
2014/12/23,14149,1
2014/12/25,14150,9
2014/12/28,14151,8
2014/12/30,14152,12
2015/1/1,15001,6
2015/1/4,15002,5
2015/1/6,15003,15
2015/1/8,15004,10
2015/1/11,15005,15
2015/1/13,15006,13
2015/1/15,15007,8
2015/1/18,15008,3
2015/1/20,15009,14
2015/1/22,15010,9
2015/1/25,15011,15
2015/1/27,15012,6
2015/1/29,15013,1
2015/2/1,15014,11
2015/2/3,15015,4
2015/2/5,15016,13
2015/2/8,15017,12
2015/2/10,15018,9
2015/2/12,15019,4
2015/2/15,15020,4
2015/2/17,15021,8
2015/2/26,15022,10
2015/3/1,15023,1
2015/3/3,15024,10
2015/3/5,15025,14
2015/3/8,15026,13
2015/3/10,15027,7
2015/3/12,15028,14
2015/3/15,15029,7
2015/3/17,15030,7
2015/3/19,15031,11
2015/3/22,15032,16
2015/3/24,15033,5
2015/3/26,15034,13
2015/3/29,15035,3
2015/3/31,15036,3
2015/4/2,15037,3
2015/4/5,15038,14
2015/4/7,15039,12
2015/4/9,15040,16
2015/4/12,15041,6
2015/4/14,15042,8
2015/4/16,15043,15
2015/4/19,15044,2
2015/4/21,15045,7
2015/4/23,15046,1
2015/4/26,15047,9
2015/4/28,15048,10
2015/4/30,15049,5
2015/5/3,15050,4
2015/5/5,15051,9
2015/5/7,15052,12
2015/5/10,15053,10
2015/5/12,15054,7
2015/5/14,15055,2
2015/5/17,15056,14
2015/5/19,15057,4
2015/5/21,15058,15
2015/5/24,15059,14
2015/5/26,15060,13
2015/5/28,15061,4
2015/5/31,15062,16
2015/6/2,15063,12
2015/6/4,15064,1
2015/6/7,15065,12
2015/6/9,15066,16
2015/6/11,15067,14
2015/6/14,15068,10
2015/6/16,15069,15
2015/6/18,15070,15
2015/6/21,15071,8
2015/6/23,15072,5
2015/6/25,15073,4
2015/6/28,15074,8
2015/6/30,15075,4
2015/7/2,15076,9
2015/7/5,15077,16
2015/7/7,15078,2
2015/7/9,15079,11
2015/7/12,15080,2
2015/7/14,15081,13
2015/7/16,15082,7
2015/7/19,15083,5
2015/7/21,15084,15
2015/7/23,15085,5
2015/7/26,15086,12
2015/7/28,15087,11
2015/7/30,15088,9
2015/8/2,15089,1
2015/8/4,15090,15
2015/8/6,15091,11
2015/8/9,15092,1
2015/8/11,15093,8
2015/8/13,15094,10
2015/8/16,15095,4
2015/8/18,15096,7
2015/8/20,15097,4
2015/8/23,15098,1
2015/8/25,15099,9
2015/8/27,15100,8
2015/8/30,15101,5
2015/9/1,15102,6
2015/9/3,15103,14
2015/9/6,15104,1
2015/9/8,15105,12
2015/9/10,15106,13
2015/9/13,15107,8
2015/9/15,15108,15
2015/9/17,15109,13
2015/9/20,15110,4
2015/9/22,15111,12
2015/9/24,15112,11
2015/9/27,15113,12
2015/9/29,15114,1
2015/10/1,15115,3
2015/10/4,15116,11
2015/10/6,15117,12
2015/10/8,15118,12
2015/10/11,15119,8
2015/10/13,15120,16
2015/10/15,15121,12
2015/10/18,15122,7
2015/10/20,15123,7
2015/10/22,15124,1
2015/10/25,15125,10
2015/10/27,15126,12
2015/10/29,15127,6
2015/11/1,15128,6
2015/11/3,15129,4
2015/11/5,15130,10
2015/11/8,15131,3
2015/11/10,15132,1
2015/11/12,15133,15
2015/11/15,15134,4
2015/11/17,15135,7
2015/11/19,15136,1
2015/11/22,15137,12
2015/11/24,15138,11
2015/11/26,15139,9
